编号,情绪名,头部怎么动,左手怎么动,右手怎么动
1_1,中性1,"【初始姿势】正中间（90°）
【起始】90 → 90，中速，没有位移
第1步：左 20°，慢
第2步：右 40°，慢
第3步：左 40°，慢
第4步：右 40°，慢
第5步：左 40°，慢
第6步：右 40°，慢
第7步：左 40°，慢
第8步：右 40°，慢
第9步：左 20°，慢
【结束归位】已在正中间，无需动作
速度对照：很快=5ms/度　快=10ms/度　中速=15ms/度　慢=20ms/度　很慢=25ms/度　极慢=50ms/度","【初始姿势】正垂直（15°）
【起始】15 → 170，很快，前 155°
第1步：后 30°，中速
第2步：前 30°，中速
第3步：后 30°，中速
第4步：前 30°，中速
第5步：后 30°，中速
第6步：前 30°，中速
第7步：后 30°，中速
第8步：前 30°，中速
【结束归位】从 170° 收回 155°，回到正垂直","【初始姿势】正垂直（15°）
【起始】15 → 170，很快，前 155°
第1步：后 30°，中速
第2步：前 30°，中速
第3步：后 30°，中速
第4步：前 30°，中速
第5步：后 30°，中速
第6步：前 30°，中速
第7步：后 30°，中速
第8步：前 30°，中速
【结束归位】从 170° 收回 155°，回到正垂直"
1_2,中性2,"【初始姿势】正中间（90°）
【起始】90 → 90，中速，没有位移
第1步：左 15°，慢
第2步：右 30°，慢
第3步：左 30°，慢
第4步：右 30°，慢
第5步：左 30°，慢
第6步：右 30°，慢
第7步：左 30°，慢
第8步：右 30°，慢
第9步：左 30°，慢
第10步：右 30°，慢
第11步：左 15°，慢
【结束归位】已在正中间，无需动作
速度对照：很快=5ms/度　快=10ms/度　中速=15ms/度　慢=20ms/度　很慢=25ms/度　极慢=50ms/度","【初始姿势】正垂直（15°）
【起始】15 → 50，很快，前 35°
第1步：后 30°，中速
第2步：前 30°，中速
第3步：后 30°，中速
第4步：前 30°，中速
第5步：后 30°，中速
第6步：前 30°，中速
第7步：后 30°，中速
第8步：前 30°，中速
第9步：后 30°，中速
第10步：前 30°，中速
第11步：后 35°，中速
【结束归位】已在正垂直，无需动作","【初始姿势】正垂直（15°）
【起始】15 → 50，很快，前 35°
第1步：后 30°，中速
第2步：前 30°，中速
第3步：后 30°，中速
第4步：前 30°，中速
第5步：后 30°，中速
第6步：前 30°，中速
第7步：后 30°，中速
第8步：前 30°，中速
第9步：后 30°，中速
第10步：前 30°，中速
第11步：后 35°，中速
【结束归位】已在正垂直，无需动作"
1_3,中性3,"【初始姿势】正中间（90°）
【起始】90 → 90，中速，没有位移
第1步：左 30°，中速，停 0.8 秒
第2步：右 60°，中速，停 0.8 秒
第3步：左 30°，中速，停 0.8 秒
第4步：左 30°，中速，停 0.8 秒
第5步：右 60°，中速，停 0.5 秒
第6步：左 30°，中速
【结束归位】已在正中间，无需动作
速度对照：很快=5ms/度　快=10ms/度　中速=15ms/度　慢=20ms/度　很慢=25ms/度　极慢=50ms/度","【初始姿势】正垂直（15°）
【起始】15 → 20，很快，前 5°
第1步：前 55°，慢，停 0.1 秒
第2步：后 65°，慢
第3步：前 65°，慢，停 0.1 秒
第4步：后 65°，慢
第5步：前 65°，慢，停 0.1 秒
第6步：后 60°，慢
【结束归位】已在正垂直，无需动作","【初始姿势】正垂直（15°）
【起始】15 → 20，很快，前 5°
第1步：前 55°，慢，停 0.1 秒
第2步：后 65°，慢
第3步：前 65°，慢，停 0.1 秒
第4步：后 65°，慢
第5步：前 65°，慢，停 0.1 秒
第6步：后 60°，慢
【结束归位】已在正垂直，无需动作"
1_4,中性4,"【初始姿势】正中间（90°）
【起始】90 → 90，中速，没有位移
第1步：原地不动，中速，停 1.0 秒
第2步：右 10°，中速
第3步：左 20°，中速
第4步：右 20°，中速
第5步：左 20°，中速
第6步：右 10°，中速，停 1.0 秒
第7步：右 10°，中速
第8步：左 20°，中速
第9步：右 20°，中速
第10步：左 10°，中速
【结束归位】已在正中间，无需动作
速度对照：很快=5ms/度　快=10ms/度　中速=15ms/度　慢=20ms/度　很慢=25ms/度　极慢=50ms/度","【初始姿势】正垂直（15°）
【起始】15 → 130，很快，前 115°
第1步：原地不动，中速，停 0.5 秒
第2步：前 10°，中速
第3步：后 20°，中速
第4步：前 20°，中速
第5步：后 20°，中速
第6步：前 20°，中速，停 0.8 秒
第7步：后 20°，中速
第8步：前 20°，中速
第9步：后 20°，中速
第10步：前 20°，中速
第11步：后 140°，中速
【结束归位】从 0° 收回 15°，回到正垂直","【初始姿势】正垂直（15°）
【起始】15 → 15，很快，没有位移
【结束归位】已在正垂直，无需动作"
1_5,中性5,"【初始姿势】正中间（90°）
【起始】90 → 90，中速，没有位移
第1步：原地不动，中速，停 0.2 秒
第2步：左 30°，中速，停 0.7 秒
第3步：右 60°，中速，停 0.3 秒
第4步：左 30°，中速，停 0.3 秒
第5步：左 5°，中速
第6步：右 10°，中速
第7步：左 10°，中速
第8步：右 10°，中速
第9步：左 5°，中速
【结束归位】已在正中间，无需动作
速度对照：很快=5ms/度　快=10ms/度　中速=15ms/度　慢=20ms/度　很慢=25ms/度　极慢=50ms/度","【初始姿势】正垂直（15°）
【起始】15 → 15，中速，没有位移
第1步：原地不动，中速，停 1.5 秒
第2步：前 75°，中速
第3步：后 75°，中速
【结束归位】已在正垂直，无需动作","【初始姿势】正垂直（15°）
【起始】15 → 90，中速，前 75°
第1步：后 75°，中速
【结束归位】已在正垂直，无需动作"
1_6,中性6,"【初始姿势】正中间（90°）
【起始】90 → 68，很慢，左 22°
第1步：原地不动，很慢，停 0.3 秒
第2步：右 12°，很慢
第3步：左 14°，很慢
第4步：右 22°，很慢，停 0.3 秒
第5步：左 14°，很慢
第6步：右 16°，很慢
【结束归位】已在正中间，无需动作
速度对照：很快=5ms/度　快=10ms/度　中速=15ms/度　慢=20ms/度　很慢=25ms/度　极慢=50ms/度","【初始姿势】正垂直（15°）
【起始】15 → 34，慢，前 19°
第1步：原地不动，慢，停 0.7 秒
第2步：后 4°，慢，停 0.4 秒
第3步：后 8°，慢
第4步：前 14°，慢，停 0.6 秒
第5步：后 21°，慢
【结束归位】已在正垂直，无需动作",本动作不参与（保持初始姿势不动）
1_7,中性7,"【初始姿势】正中间（90°）
【起始】90 → 74，很慢，左 16°
第1步：原地不动，很慢，停 0.2 秒
第2步：右 14°，很慢
第3步：左 16°，很慢
第4步：右 14°，很慢
第5步：左 16°，很慢
第6步：右 16°，很慢
第7步：左 8°，很慢
第8步：右 12°，很慢
【结束归位】已在正中间，无需动作
速度对照：很快=5ms/度　快=10ms/度　中速=15ms/度　慢=20ms/度　很慢=25ms/度　极慢=50ms/度","【初始姿势】正垂直（15°）
【起始】15 → 38，慢，前 23°
第1步：原地不动，慢，停 0.3 秒
第2步：后 23°，慢，停 0.4 秒
第3步：前 23°，慢，停 0.4 秒
第4步：后 23°，慢
【结束归位】已在正垂直，无需动作","【初始姿势】正垂直（15°）
【起始】15 → 32，慢，前 17°
第1步：原地不动，慢，停 0.7 秒
第2步：后 17°，慢，停 0.4 秒
第3步：前 17°，慢，停 0.5 秒
第4步：后 17°，慢
【结束归位】已在正垂直，无需动作"
1_8,中性8,"【初始姿势】正中间（90°）
【起始】90 → 84，很慢，左 6°
第1步：原地不动，很慢，停 0.2 秒
第2步：右 4°，很慢，停 0.5 秒
第3步：左 9°，很慢，停 0.2 秒
第4步：右 7°，很慢，停 0.8 秒
【结束归位】从 86° 收回 4°，回到正中间
速度对照：很快=5ms/度　快=10ms/度　中速=15ms/度　慢=20ms/度　很慢=25ms/度　极慢=50ms/度","【初始姿势】正垂直（15°）
【起始】15 → 28，慢，前 13°
第1步：原地不动，慢，停 1.4 秒
【结束归位】从 28° 收回 13°，回到正垂直","【初始姿势】正垂直（15°）
【起始】15 → 15，慢，没有位移
第1步：原地不动，慢，停 0.5 秒
第2步：前 13°，慢，停 0.9 秒
【结束归位】从 28° 收回 13°，回到正垂直"
1_9,中性9,"【初始姿势】正中间（90°）
【起始】90 → 70，很慢，左 20°
第1步：原地不动，很慢，停 0.2 秒
第2步：右 18°，很慢，停 0.2 秒
第3步：左 18°，很慢，停 0.2 秒
第4步：右 18°，很慢，停 0.2 秒
第5步：右 2°，很慢
【结束归位】已在正中间，无需动作
速度对照：很快=5ms/度　快=10ms/度　中速=15ms/度　慢=20ms/度　很慢=25ms/度　极慢=50ms/度","【初始姿势】正垂直（15°）
【起始】15 → 38，慢，前 23°
第1步：原地不动，慢，停 0.2 秒
第2步：后 18°，慢
第3步：前 20°，慢，停 0.2 秒
第4步：后 14°，慢
第5步：前 12°，慢，停 0.2 秒
第6步：后 23°，慢
【结束归位】已在正垂直，无需动作","【初始姿势】正垂直（15°）
【起始】15 → 34，慢，前 19°
第1步：原地不动，慢，停 0.3 秒
第2步：后 16°，慢
第3步：前 18°，慢，停 0.2 秒
第4步：后 16°，慢
第5步：前 14°，慢，停 0.2 秒
第6步：后 19°，慢
【结束归位】已在正垂直，无需动作"
2_1,傲娇1,"【初始姿势】正中间（90°）
【起始】90 → 142，快，右 52°
第1步：原地不动，中速，停 0.8 秒
第2步：左 12°，中速，停 1.2 秒
第3步：右 15°，快，停 0.8 秒
【结束归位】从 145° 收回 55°，回到正中间
速度对照：很快=5ms/度　快=10ms/度　中速=15ms/度　慢=20ms/度　很慢=25ms/度　极慢=50ms/度","【初始姿势】正垂直（15°）
【起始】15 → 104，很快，前 89°
第1步：原地不动，中速，停 3.1 秒
第2步：后 89°，中速
【结束归位】已在正垂直，无需动作","【初始姿势】正垂直（15°）
【起始】15 → 100，很快，前 85°
第1步：原地不动，中速，停 3.1 秒
第2步：后 85°，中速
【结束归位】已在正垂直，无需动作"
2_2,傲娇2,"【初始姿势】正中间（90°）
【起始】90 → 70，快，左 20°
第1步：原地不动，中速，停 0.2 秒
第2步：右 70°，很快，停 1.5 秒
第3步：左 30°，中速，停 0.3 秒
第4步：左 14°，中速，停 0.5 秒
第5步：右 34°，很快
第6步：原地不动，中速，停 0.5 秒
【结束归位】从 130° 收回 40°，回到正中间
速度对照：很快=5ms/度　快=10ms/度　中速=15ms/度　慢=20ms/度　很慢=25ms/度　极慢=50ms/度","【初始姿势】正垂直（15°）
【起始】15 → 62，中速，前 47°
第1步：原地不动，中速，停 3.1 秒
第2步：后 47°，快
【结束归位】已在正垂直，无需动作","【初始姿势】正垂直（15°）
【起始】15 → 58，中速，前 43°
第1步：原地不动，中速，停 3.1 秒
第2步：后 43°，快
【结束归位】已在正垂直，无需动作"
2_3,傲娇3,"【初始姿势】正中间（90°）
【起始】90 → 110，快，右 20°
第1步：原地不动，中速，停 0.3 秒
第2步：右 34°，快
第3步：原地不动，中速，停 0.9 秒
第4步：左 46°，中速，停 0.4 秒
【结束归位】从 98° 收回 8°，回到正中间
速度对照：很快=5ms/度　快=10ms/度　中速=15ms/度　慢=20ms/度　很慢=25ms/度　极慢=50ms/度","【初始姿势】正垂直（15°）
【起始】15 → 100，快，前 85°
第1步：原地不动，中速，停 0.3 秒
第2步：前 24°，很快
第3步：原地不动，中速，停 0.7 秒
第4步：后 7°，中速，停 0.6 秒
第5步：后 102°，中速
【结束归位】已在正垂直，无需动作","【初始姿势】正垂直（15°）
【起始】15 → 94，快，前 79°
第1步：原地不动，中速，停 0.3 秒
第2步：前 24°，很快
第3步：原地不动，中速，停 0.7 秒
第4步：后 7°，中速，停 0.6 秒
第5步：后 96°，中速
【结束归位】已在正垂直，无需动作"
2_4,傲娇4,"【初始姿势】正中间（90°）
【起始】90 → 90，中速，没有位移
第1步：左 30°，中速
第2步：右 50°，中速
第3步：左 50°，中速
第4步：右 50°，中速
【结束归位】从 110° 收回 20°，回到正中间
速度对照：很快=5ms/度　快=10ms/度　中速=15ms/度　慢=20ms/度　很慢=25ms/度　极慢=50ms/度","【初始姿势】正垂直（15°）
【起始】15 → 45，快，前 30°
第1步：原地不动，中速，停 0.3 秒
第2步：前 10°，中速
第3步：后 20°，中速
第4步：前 20°，中速
第5步：后 20°，中速
第6步：前 20°，中速
【结束归位】从 55° 收回 40°，回到正垂直","【初始姿势】正垂直（15°）
【起始】15 → 45，快，前 30°
第1步：原地不动，中速，停 0.3 秒
第2步：后 10°，中速
第3步：前 20°，中速
第4步：后 20°，中速
第5步：前 20°，中速
第6步：后 20°，中速
【结束归位】从 35° 收回 20°，回到正垂直"
3_1,兴奋1,"【初始姿势】正中间（90°）
【起始】90 → 96，中速，右 6°
第1步：原地不动，中速，停 0.5 秒
第2步：左 12°，中速
第3步：右 12°，中速
第4步：左 12°，中速
第5步：右 12°，中速
第6步：左 12°，中速
第7步：右 12°，中速
第8步：左 6°，快
【结束归位】已在正中间，无需动作
速度对照：很快=5ms/度　快=10ms/度　中速=15ms/度　慢=20ms/度　很慢=25ms/度　极慢=50ms/度","【初始姿势】正垂直（15°）
【起始】15 → 120，很快，前 105°
第1步：后 15°，快
第2步：前 20°，快
第3步：后 20°，快
第4步：前 20°，快
第5步：后 20°，快
第6步：前 20°，快
第7步：后 20°，快
第8步：前 20°，快
第9步：后 20°，快
第10步：后 72°，快
【结束归位】从 33° 收回 18°，回到正垂直","【初始姿势】正垂直（15°）
【起始】15 → 116，很快，前 101°
第1步：后 15°，快
第2步：前 20°，快
第3步：后 20°，快
第4步：前 20°，快
第5步：后 20°，快
第6步：前 20°，快
第7步：后 20°，快
第8步：前 20°，快
第9步：后 20°，快
第10步：后 68°，快
【结束归位】从 33° 收回 18°，回到正垂直"
3_2,兴奋2,"【初始姿势】正中间（90°）
【起始】90 → 98，中速，右 8°
第1步：左 16°，中速
第2步：右 16°，中速
第3步：左 16°，中速
第4步：右 16°，中速
第5步：左 8°，快
【结束归位】已在正中间，无需动作
速度对照：很快=5ms/度　快=10ms/度　中速=15ms/度　慢=20ms/度　很慢=25ms/度　极慢=50ms/度","【初始姿势】正垂直（15°）
【起始】15 → 124，快，前 109°
第1步：后 20°，快
第2步：前 26°，快
第3步：后 26°，快
第4步：前 26°，快
第5步：后 26°，快
第6步：前 26°，快
第7步：后 97°，中速
【结束归位】从 33° 收回 18°，回到正垂直","【初始姿势】正垂直（15°）
【起始】15 → 120，快，前 105°
第1步：后 20°，快
第2步：前 26°，快
第3步：后 26°，快
第4步：前 26°，快
第5步：后 26°，快
第6步：前 26°，快
第7步：后 93°，中速
【结束归位】从 33° 收回 18°，回到正垂直"
3_3,兴奋3,"【初始姿势】正中间（90°）
【起始】90 → 90，快，没有位移
第1步：左 6°，快，停 0.6 秒
第2步：右 12°，快
第3步：左 10°，快
第4步：右 10°，快
第5步：左 10°，快
第6步：右 6°，中速
【结束归位】从 92° 收回 2°，回到正中间
速度对照：很快=5ms/度　快=10ms/度　中速=15ms/度　慢=20ms/度　很慢=25ms/度　极慢=50ms/度","【初始姿势】正垂直（15°）
【起始】15 → 103，很快，前 88°
第1步：前 20°，快
第2步：后 20°，快
第3步：前 20°，快
第4步：后 20°，快
第5步：前 20°，快
第6步：后 20°，快
第7步：前 20°，快
第8步：后 20°，快
第9步：前 20°，快
第10步：后 90°，快
【结束归位】从 33° 收回 18°，回到正垂直","【初始姿势】正垂直（15°）
【起始】15 → 123，很快，前 108°
第1步：后 20°，快
第2步：前 20°，快
第3步：后 20°，快
第4步：前 20°，快
第5步：后 20°，快
第6步：前 20°，快
第7步：后 20°，快
第8步：前 20°，快
第9步：后 20°，快
第10步：后 70°，快
【结束归位】从 33° 收回 18°，回到正垂直"
3_4,兴奋4,"【初始姿势】正中间（90°）
【起始】90 → 90，快，没有位移
第1步：原地不动，快，停 0.5 秒
第2步：左 6°，快
第3步：右 12°，快
第4步：左 12°，快
第5步：右 12°，快
第6步：左 12°，快
第7步：右 12°，快
第8步：左 12°，快
第9步：右 12°，快
第10步：左 6°，中速
【结束归位】已在正中间，无需动作
速度对照：很快=5ms/度　快=10ms/度　中速=15ms/度　慢=20ms/度　很慢=25ms/度　极慢=50ms/度","【初始姿势】正垂直（15°）
【起始】15 → 116，很快，前 101°
第1步：后 15°，快
第2步：前 20°，快
第3步：后 20°，快
第4步：前 20°，快
第5步：后 20°，快
第6步：后 68°，快
【结束归位】从 33° 收回 18°，回到正垂直","【初始姿势】正垂直（15°）
【起始】15 → 112，很快，前 97°
第1步：前 5°，很慢
第2步：后 20°，快
第3步：前 20°，快
第4步：后 20°，快
第5步：前 20°，快
第6步：后 84°，快
【结束归位】从 33° 收回 18°，回到正垂直"
4_1,好奇1,"【初始姿势】正中间（90°）
【起始】90 → 114，中速，右 24°
第1步：原地不动，中速，停 0.7 秒
第2步：左 10°，中速，停 0.9 秒
第3步：右 18°，中速，停 1.3 秒
第4步：左 10°，中速，停 1.3 秒
【结束归位】从 112° 收回 22°，回到正中间
速度对照：很快=5ms/度　快=10ms/度　中速=15ms/度　慢=20ms/度　很慢=25ms/度　极慢=50ms/度","【初始姿势】正垂直（15°）
【起始】15 → 96，快，前 81°
第1步：原地不动，快，停 2.8 秒
第2步：后 18°，快，停 0.8 秒
【结束归位】从 78° 收回 63°，回到正垂直","【初始姿势】正垂直（15°）
【起始】15 → 44，中速，前 29°
第1步：原地不动，中速，停 4.6 秒
【结束归位】从 44° 收回 29°，回到正垂直"
4_2,好奇2,"【初始姿势】正中间（90°）
【起始】90 → 110，快，右 20°
第1步：原地不动，快，停 4.6 秒
【结束归位】从 110° 收回 20°，回到正中间
速度对照：很快=5ms/度　快=10ms/度　中速=15ms/度　慢=20ms/度　很慢=25ms/度　极慢=50ms/度","【初始姿势】正垂直（15°）
【起始】15 → 88，中速，前 73°
第1步：原地不动，中速，停 1.2 秒
第2步：后 32°，中速，停 1.5 秒
【结束归位】从 56° 收回 41°，回到正垂直","【初始姿势】正垂直（15°）
【起始】15 → 40，中速，前 25°
第1步：原地不动，中速，停 1.9 秒
第2步：前 40°，中速，停 1.5 秒
【结束归位】从 80° 收回 65°，回到正垂直"
4_3,好奇3,"【初始姿势】正中间（90°）
【起始】90 → 60，中速，左 30°
第1步：原地不动，中速，停 1.0 秒
第2步：左 12°，中速，停 1.2 秒
第3步：右 8°，中速，停 1.5 秒
【结束归位】从 56° 收回 34°，回到正中间
速度对照：很快=5ms/度　快=10ms/度　中速=15ms/度　慢=20ms/度　很慢=25ms/度　极慢=50ms/度","【初始姿势】正垂直（15°）
【起始】15 → 64，快，前 49°
第1步：原地不动，快，停 3.9 秒
第2步：后 16°，快
【结束归位】从 48° 收回 33°，回到正垂直","【初始姿势】正垂直（15°）
【起始】15 → 64，快，前 49°
第1步：原地不动，快，停 3.9 秒
第2步：后 16°，快
【结束归位】从 48° 收回 33°，回到正垂直"
5_1,委屈1,"【初始姿势】正中间（90°）
【起始】90 → 68，中速，左 22°
第1步：原地不动，中速，停 2.2 秒
第2步：左 10°，中速，停 0.4 秒
【结束归位】从 58° 收回 32°，回到正中间
速度对照：很快=5ms/度　快=10ms/度　中速=15ms/度　慢=20ms/度　很慢=25ms/度　极慢=50ms/度","【初始姿势】正垂直（15°）
【起始】15 → 88，中速，前 73°
第1步：原地不动，中速，停 2.4 秒
第2步：后 16°，中速，停 0.5 秒
【结束归位】从 72° 收回 57°，回到正垂直","【初始姿势】正垂直（15°）
【起始】15 → 66，中速，前 51°
第1步：原地不动，中速，停 2.8 秒
第2步：后 12°，中速，停 0.5 秒
【结束归位】从 54° 收回 39°，回到正垂直"
5_2,委屈2,"【初始姿势】正中间（90°）
【起始】90 → 90，中速，没有位移
第1步：原地不动，中速，停 3.8 秒
第2步：右 14°，中速，停 0.9 秒
【结束归位】从 104° 收回 14°，回到正中间
速度对照：很快=5ms/度　快=10ms/度　中速=15ms/度　慢=20ms/度　很慢=25ms/度　极慢=50ms/度","【初始姿势】正垂直（15°）
【起始】15 → 140，很快，前 125°
第1步：原地不动，快，停 0.2 秒
第2步：后 20°，快，停 0.1 秒
第3步：前 20°，快，停 0.2 秒
第4步：后 20°，快，停 0.1 秒
第5步：前 20°，快，停 0.2 秒
第6步：后 20°，快，停 0.1 秒
第7步：前 20°，快，停 0.2 秒
第8步：后 20°，快，停 0.1 秒
第9步：前 20°，快，停 0.6 秒
第10步：后 20°，快
【结束归位】从 120° 收回 105°，回到正垂直","【初始姿势】正垂直（15°）
【起始】15 → 138，很快，前 123°
第1步：原地不动，快，停 0.8 秒
第2步：后 20°，快，停 0.2 秒
第3步：前 20°，快，停 0.1 秒
第4步：后 20°，快，停 0.2 秒
第5步：前 20°，快，停 0.1 秒
第6步：后 20°，快，停 0.2 秒
第7步：前 20°，快，停 0.1 秒
第8步：后 20°，快，停 0.2 秒
第9步：前 20°，快，停 0.3 秒
第10步：后 20°，快
【结束归位】从 118° 收回 103°，回到正垂直"
6_1,害羞1,"【初始姿势】正中间（90°）
【起始】90 → 90，中速，没有位移
第1步：原地不动，中速，停 0.1 秒
第2步：右 22°，中速，停 1.2 秒
第3步：左 22°，中速，停 0.8 秒
第4步：右 22°，中速，停 1.2 秒
第5步：左 22°，中速，停 0.1 秒
【结束归位】已在正中间，无需动作
速度对照：很快=5ms/度　快=10ms/度　中速=15ms/度　慢=20ms/度　很慢=25ms/度　极慢=50ms/度","【初始姿势】正垂直（15°）
【起始】15 → 132，很快，前 117°
第1步：原地不动，很快，停 0.9 秒
第2步：后 117°，很快，停 0.5 秒
第3步：前 117°，很快，停 0.9 秒
第4步：后 117°，很快
【结束归位】已在正垂直，无需动作","【初始姿势】正垂直（15°）
【起始】15 → 132，很快，前 117°
第1步：原地不动，很快，停 0.9 秒
第2步：后 117°，很快，停 0.5 秒
第3步：前 117°，很快，停 0.9 秒
第4步：后 117°，很快
【结束归位】已在正垂直，无需动作"
6_2,害羞2,"【初始姿势】正中间（90°）
【起始】90 → 108，中速，右 18°
第1步：左 12°，快，停 0.1 秒
第2步：右 12°，快，停 0.1 秒
第3步：左 12°，快，停 0.1 秒
第4步：右 12°，快，停 0.1 秒
第5步：左 12°，快，停 0.1 秒
第6步：右 12°，快，停 0.1 秒
第7步：左 12°，快，停 0.1 秒
第8步：右 12°，快，停 0.1 秒
【结束归位】从 108° 收回 18°，回到正中间
速度对照：很快=5ms/度　快=10ms/度　中速=15ms/度　慢=20ms/度　很慢=25ms/度　极慢=50ms/度","【初始姿势】正垂直（15°）
【起始】15 → 52，中速，前 37°
第1步：原地不动，中速，停 0.9 秒
第2步：前 16°，中速，停 0.9 秒
第3步：前 16°，中速，停 0.4 秒
【结束归位】从 84° 收回 69°，回到正垂直","【初始姿势】正垂直（15°）
【起始】15 → 40，中速，前 25°
第1步：原地不动，中速，停 1.1 秒
第2步：前 14°，中速，停 0.9 秒
第3步：前 14°，中速，停 0.5 秒
【结束归位】从 68° 收回 53°，回到正垂直"
7_1,怕痒1,"【初始姿势】正中间（90°）
【起始】90 → 100，中速，右 10°
第1步：原地不动，中速，停 2.6 秒
【结束归位】从 100° 收回 10°，回到正中间
速度对照：很快=5ms/度　快=10ms/度　中速=15ms/度　慢=20ms/度　很慢=25ms/度　极慢=50ms/度","【初始姿势】正垂直（15°）
【起始】15 → 44，快，前 29°
第1步：后 29°，很快
第2步：前 29°，快
第3步：后 29°，很快
第4步：前 29°，快
第5步：后 29°，很快
第6步：前 29°，快
第7步：后 29°，很快
第8步：前 29°，快
第9步：后 29°，很快
第10步：前 29°，快
第11步：后 29°，很快
第12步：前 29°，快
【结束归位】从 44° 收回 29°，回到正垂直","【初始姿势】正垂直（15°）
【起始】15 → 44，快，前 29°
第1步：后 29°，很快
第2步：前 29°，快
第3步：后 29°，很快
第4步：前 29°，快
第5步：后 29°，很快
第6步：前 29°，快
第7步：后 29°，很快
第8步：前 29°，快
第9步：后 29°，很快
第10步：前 29°，快
第11步：后 29°，很快
第12步：前 29°，快
【结束归位】从 44° 收回 29°，回到正垂直"
7_2,怕痒2,"【初始姿势】正中间（90°）
【起始】90 → 110，中速，右 20°
第1步：原地不动，中速，停 0.2 秒
第2步：左 20°，中速，停 0.2 秒
第3步：右 20°，中速，停 0.2 秒
第4步：左 20°，中速，停 0.2 秒
第5步：右 20°，中速，停 0.2 秒
第6步：左 20°，中速，停 0.2 秒
【结束归位】已在正中间，无需动作
速度对照：很快=5ms/度　快=10ms/度　中速=15ms/度　慢=20ms/度　很慢=25ms/度　极慢=50ms/度","【初始姿势】正垂直（15°）
【起始】15 → 38，快，前 23°
第1步：后 23°，快，停 0.0 秒
第2步：前 23°，快，停 0.0 秒
第3步：后 23°，快，停 0.0 秒
第4步：前 23°，快，停 0.0 秒
第5步：后 23°，快，停 0.0 秒
第6步：前 23°，快，停 0.0 秒
第7步：后 23°，快，停 0.0 秒
第8步：前 23°，快，停 0.0 秒
第9步：后 23°，快，停 0.0 秒
第10步：前 23°，快，停 0.0 秒
【结束归位】从 38° 收回 23°，回到正垂直","【初始姿势】正垂直（15°）
【起始】15 → 38，快，前 23°
第1步：后 23°，快，停 0.0 秒
第2步：前 23°，快，停 0.0 秒
第3步：后 23°，快，停 0.0 秒
第4步：前 23°，快，停 0.0 秒
第5步：后 23°，快，停 0.0 秒
第6步：前 23°，快，停 0.0 秒
第7步：后 23°，快，停 0.0 秒
第8步：前 23°，快，停 0.0 秒
第9步：后 23°，快，停 0.0 秒
第10步：前 23°，快，停 0.0 秒
【结束归位】从 38° 收回 23°，回到正垂直"
7_3,怕痒3,"【初始姿势】正中间（90°）
【起始】90 → 90，中速，没有位移
第1步：原地不动，中速，停 3.5 秒
【结束归位】已在正中间，无需动作
速度对照：很快=5ms/度　快=10ms/度　中速=15ms/度　慢=20ms/度　很慢=25ms/度　极慢=50ms/度","【初始姿势】正垂直（15°）
【起始】15 → 40，快，前 25°
第1步：原地不动，快，停 0.0 秒
第2步：后 25°，快，停 0.0 秒
第3步：前 25°，快，停 0.0 秒
第4步：后 25°，快，停 0.0 秒
第5步：前 25°，快，停 0.0 秒
第6步：后 25°，快，停 0.0 秒
第7步：前 25°，快，停 0.0 秒
第8步：后 25°，快，停 0.0 秒
第9步：前 25°，快，停 0.0 秒
第10步：后 25°，快，停 0.0 秒
【结束归位】已在正垂直，无需动作","【初始姿势】正垂直（15°）
【起始】15 → 15，快，没有位移
第1步：原地不动，快，停 0.3 秒
第2步：前 25°，快，停 0.0 秒
第3步：后 25°，快，停 0.0 秒
第4步：前 25°，快，停 0.0 秒
第5步：后 25°，快，停 0.0 秒
第6步：前 25°，快，停 0.0 秒
第7步：后 25°，快，停 0.0 秒
第8步：前 25°，快，停 0.0 秒
第9步：后 25°，快，停 0.0 秒
第10步：前 25°，快，停 0.0 秒
第11步：后 25°，快，停 0.0 秒
【结束归位】已在正垂直，无需动作"
7_4,怕痒4,"【初始姿势】正中间（90°）
【起始】90 → 106，快，右 16°
第1步：左 32°，快
第2步：右 32°，快
第3步：左 32°，快
第4步：右 32°，快
第5步：左 32°，快
第6步：右 32°，快
第7步：左 32°，快
第8步：右 32°，快
【结束归位】从 106° 收回 16°，回到正中间
速度对照：很快=5ms/度　快=10ms/度　中速=15ms/度　慢=20ms/度　很慢=25ms/度　极慢=50ms/度","【初始姿势】正垂直（15°）
【起始】15 → 50，快，前 35°
第1步：后 35°，快
第2步：前 35°，快
第3步：后 35°，快
第4步：前 35°，快
第5步：后 35°，快
第6步：前 35°，快
第7步：后 35°，快
第8步：前 35°，快
【结束归位】从 50° 收回 35°，回到正垂直","【初始姿势】正垂直（15°）
【起始】15 → 15，快，没有位移
第1步：原地不动，快，停 0.3 秒
第2步：前 35°，快
第3步：后 35°，快
第4步：前 35°，快
第5步：后 35°，快
第6步：前 35°，快
第7步：后 35°，快
第8步：前 35°，快
第9步：后 35°，快
【结束归位】已在正垂直，无需动作"
8_1,惊喜1,"【初始姿势】正中间（90°）
【起始】90 → 126，很快，右 36°
第1步：原地不动，快，停 0.3 秒
第2步：左 24°，快
第3步：右 24°，快
第4步：左 24°，快
第5步：右 24°，快
第6步：左 24°，快
第7步：右 24°，快
第8步：左 24°，快
第9步：右 24°，快
第10步：左 24°，快
第11步：右 24°，快
第12步：左 24°，快
第13步：右 24°，快
第14步：左 24°，快
第15步：右 24°，快
第16步：左 24°，快
第17步：右 24°，快
【结束归位】从 126° 收回 36°，回到正中间
速度对照：很快=5ms/度　快=10ms/度　中速=15ms/度　慢=20ms/度　很慢=25ms/度　极慢=50ms/度","【初始姿势】正垂直（15°）
【起始】15 → 140，很快，前 125°
第1步：原地不动，快，停 0.1 秒
第2步：后 35°，很快
第3步：前 35°，快
第4步：后 35°，很快
第5步：前 35°，快
第6步：后 35°，很快
第7步：前 35°，快
第8步：后 35°，很快
第9步：前 35°，快
第10步：后 35°，很快
第11步：前 35°，快
第12步：后 35°，很快
第13步：前 35°，快
第14步：后 110°，很快
【结束归位】从 30° 收回 15°，回到正垂直","【初始姿势】正垂直（15°）
【起始】15 → 136，很快，前 121°
第1步：原地不动，快，停 0.1 秒
第2步：后 35°，很快
第3步：前 35°，快
第4步：后 35°，很快
第5步：前 35°，快
第6步：后 35°，很快
第7步：前 35°，快
第8步：后 35°，很快
第9步：前 35°，快
第10步：后 35°，很快
第11步：前 35°，快
第12步：后 35°，很快
第13步：前 35°，快
第14步：后 106°，很快
【结束归位】从 30° 收回 15°，回到正垂直"
8_2,惊喜2,"【初始姿势】正中间（90°）
【起始】90 → 105，中速，右 15°
第1步：原地不动，中速，停 0.3 秒
第2步：左 12°，中速，停 0.1 秒
第3步：右 12°，中速
第4步：左 12°，中速，停 0.1 秒
第5步：右 12°，中速
第6步：左 12°，中速，停 0.1 秒
第7步：右 12°，中速
第8步：左 12°，中速，停 0.1 秒
第9步：右 12°，中速
第10步：左 12°，中速，停 0.1 秒
第11步：右 12°，中速
第12步：左 12°，中速，停 0.1 秒
第13步：右 12°，中速
第14步：左 12°，中速，停 0.1 秒
第15步：右 12°，中速
第16步：左 12°，中速，停 0.1 秒
第17步：右 12°，中速
【结束归位】从 105° 收回 15°，回到正中间
速度对照：很快=5ms/度　快=10ms/度　中速=15ms/度　慢=20ms/度　很慢=25ms/度　极慢=50ms/度","【初始姿势】正垂直（15°）
【起始】15 → 128，很快，前 113°
第1步：后 24°，很快，停 0.1 秒
第2步：前 24°，快
第3步：后 24°，很快，停 0.1 秒
第4步：前 24°，快
第5步：后 24°，很快，停 0.1 秒
第6步：前 24°，快
第7步：后 24°，很快，停 0.1 秒
第8步：前 24°，快
第9步：后 24°，很快，停 0.1 秒
第10步：前 24°，快
第11步：后 24°，很快，停 0.1 秒
第12步：前 24°，快
第13步：后 24°，很快，停 0.1 秒
第14步：前 24°，快
第15步：后 24°，很快，停 0.1 秒
第16步：前 24°，快
第17步：后 98°，很快
【结束归位】从 30° 收回 15°，回到正垂直","【初始姿势】正垂直（15°）
【起始】15 → 124，很快，前 109°
第1步：后 24°，很快，停 0.1 秒
第2步：前 24°，快
第3步：后 24°，很快，停 0.1 秒
第4步：前 24°，快
第5步：后 24°，很快，停 0.1 秒
第6步：前 24°，快
第7步：后 24°，很快，停 0.1 秒
第8步：前 24°，快
第9步：后 24°，很快，停 0.1 秒
第10步：前 24°，快
第11步：后 24°，很快，停 0.1 秒
第12步：前 24°，快
第13步：后 24°，很快，停 0.1 秒
第14步：前 24°，快
第15步：后 24°，很快，停 0.1 秒
第16步：前 24°，快
第17步：后 94°，很快
【结束归位】从 30° 收回 15°，回到正垂直"
8_3,惊喜3,"【初始姿势】正中间（90°）
【起始】90 → 106，中速，右 16°
第1步：原地不动，中速，停 0.2 秒
第2步：左 4°，中速，停 1.0 秒
第3步：右 12°，中速
第4步：左 12°，中速，停 1.0 秒
第5步：右 12°，中速
第6步：左 12°，中速，停 1.0 秒
第7步：右 12°，中速
【结束归位】从 114° 收回 24°，回到正中间
速度对照：很快=5ms/度　快=10ms/度　中速=15ms/度　慢=20ms/度　很慢=25ms/度　极慢=50ms/度","【初始姿势】正垂直（15°）
【起始】15 → 163，很快，前 148°
第1步：后 33°，快
第2步：前 33°，快
第3步：后 33°，快
第4步：前 33°，快
第5步：后 33°，快
第6步：前 33°，快
第7步：后 33°，快
第8步：前 33°，快
第9步：后 33°，快
第10步：前 33°，快
第11步：后 33°，快
第12步：前 33°，快
第13步：后 123°，很快
【结束归位】从 40° 收回 25°，回到正垂直","【初始姿势】正垂直（15°）
【起始】15 → 159，很快，前 144°
第1步：后 33°，快
第2步：前 33°，快
第3步：后 33°，快
第4步：前 33°，快
第5步：后 33°，快
第6步：前 33°，快
第7步：后 33°，快
第8步：前 33°，快
第9步：后 33°，快
第10步：前 33°，快
第11步：后 33°，快
第12步：前 33°，快
第13步：后 119°，很快
【结束归位】从 40° 收回 25°，回到正垂直"
9_1,慵懒1,"【初始姿势】正中间（90°）
【起始】90 → 90，快，没有位移
第1步：原地不动，中速，停 0.5 秒
第2步：右 10°，中速
【结束归位】从 100° 收回 10°，回到正中间
速度对照：很快=5ms/度　快=10ms/度　中速=15ms/度　慢=20ms/度　很慢=25ms/度　极慢=50ms/度","【初始姿势】正垂直（15°）
【起始】15 → 75，快，前 60°
第1步：原地不动，中速，停 0.5 秒
第2步：后 55°，中速
【结束归位】从 20° 收回 5°，回到正垂直","【初始姿势】正垂直（15°）
【起始】15 → 75，快，前 60°
第1步：原地不动，中速，停 0.5 秒
第2步：后 55°，中速
【结束归位】从 20° 收回 5°，回到正垂直"
10_1,撒娇1,"【初始姿势】正中间（90°）
【起始】90 → 114，中速，右 24°
第1步：原地不动，中速，停 0.4 秒
第2步：左 12°，中速，停 0.3 秒
第3步：右 12°，中速，停 0.3 秒
第4步：左 12°，中速，停 0.3 秒
第5步：右 12°，中速，停 0.3 秒
第6步：左 12°，中速，停 0.3 秒
第7步：右 12°，中速，停 0.3 秒
第8步：左 12°，中速，停 0.3 秒
第9步：右 12°，中速，停 0.3 秒
第10步：左 12°，中速，停 0.3 秒
【结束归位】从 102° 收回 12°，回到正中间
速度对照：很快=5ms/度　快=10ms/度　中速=15ms/度　慢=20ms/度　很慢=25ms/度　极慢=50ms/度","【初始姿势】正垂直（15°）
【起始】15 → 48，快，前 33°
第1步：后 33°，中速
第2步：前 33°，中速
第3步：后 33°，中速
第4步：前 33°，中速
第5步：后 33°，中速
第6步：前 33°，中速
第7步：后 33°，中速
第8步：前 33°，中速
第9步：后 33°，中速
第10步：前 33°，中速
【结束归位】从 48° 收回 33°，回到正垂直","【初始姿势】正垂直（15°）
【起始】15 → 48，快，前 33°
第1步：后 33°，快
第2步：前 33°，快
第3步：后 33°，快
第4步：前 33°，快
第5步：后 33°，快
第6步：前 33°，快
第7步：后 33°，快
第8步：前 33°，快
第9步：后 33°，快
第10步：前 33°，快
第11步：后 33°，快
第12步：前 33°，快
第13步：后 33°，快
第14步：前 33°，快
【结束归位】从 48° 收回 33°，回到正垂直"
11_1,治愈1,"【初始姿势】正中间（90°）
【起始】90 → 112，中速，右 22°
第1步：原地不动，中速，停 1.6 秒
第2步：左 12°，中速，停 1.5 秒
第3步：右 16°，中速，停 1.5 秒
【结束归位】从 116° 收回 26°，回到正中间
速度对照：很快=5ms/度　快=10ms/度　中速=15ms/度　慢=20ms/度　很慢=25ms/度　极慢=50ms/度","【初始姿势】正垂直（15°）
【起始】15 → 66，很快，前 51°
第1步：原地不动，很快，停 0.8 秒
第2步：后 51°，很快，停 0.7 秒
第3步：前 51°，很快，停 0.8 秒
第4步：后 51°，很快，停 1.0 秒
第5步：前 51°，很快，停 0.8 秒
第6步：后 51°，很快，停 0.3 秒
【结束归位】已在正垂直，无需动作","【初始姿势】正垂直（15°）
【起始】15 → 66，很快，前 51°
第1步：原地不动，很快，停 0.8 秒
第2步：后 51°，很快，停 0.7 秒
第3步：前 51°，很快，停 0.8 秒
第4步：后 51°，很快，停 1.0 秒
第5步：前 51°，很快，停 0.8 秒
第6步：后 51°，很快，停 0.3 秒
【结束归位】已在正垂直，无需动作"
12_1,犯困1,"【初始姿势】正中间（90°）
【起始】90 → 112，慢，右 22°
第1步：原地不动，慢，停 1.2 秒
第2步：左 14°，慢
第3步：原地不动，慢，停 1.3 秒
第4步：右 14°，慢
第5步：原地不动，慢，停 1.3 秒
第6步：左 14°，慢
第7步：原地不动，慢，停 0.7 秒
第8步：左 8°，慢
【结束归位】已在正中间，无需动作
速度对照：很快=5ms/度　快=10ms/度　中速=15ms/度　慢=20ms/度　很慢=25ms/度　极慢=50ms/度","【初始姿势】正垂直（15°）
【起始】15 → 33，慢，前 18°
第1步：原地不动，慢，停 0.6 秒
第2步：后 18°，慢
第3步：原地不动，慢，停 0.7 秒
第4步：前 18°，慢
第5步：原地不动，慢，停 0.6 秒
第6步：后 18°，慢
第7步：原地不动，慢，停 0.7 秒
第8步：前 18°，慢
第9步：原地不动，慢，停 0.6 秒
第10步：后 18°，慢
第11步：原地不动，慢，停 0.7 秒
【结束归位】已在正垂直，无需动作","【初始姿势】正垂直（15°）
【起始】15 → 33，慢，前 18°
第1步：原地不动，慢，停 0.6 秒
第2步：后 18°，慢
第3步：原地不动，慢，停 0.7 秒
第4步：前 18°，慢
第5步：原地不动，慢，停 0.6 秒
第6步：后 18°，慢
第7步：原地不动，慢，停 0.7 秒
第8步：前 18°，慢
第9步：原地不动，慢，停 0.6 秒
第10步：后 18°，慢
第11步：原地不动，慢，停 0.7 秒
【结束归位】已在正垂直，无需动作"
12_2,犯困2,"【初始姿势】正中间（90°）
【起始】90 → 106，慢，右 16°
第1步：原地不动，慢，停 0.7 秒
第2步：左 14°，慢
第3步：原地不动，慢，停 0.6 秒
第4步：右 14°，慢
第5步：原地不动，慢，停 0.8 秒
第6步：左 14°，慢
第7步：原地不动，慢，停 0.6 秒
第8步：右 14°，慢
第9步：原地不动，慢，停 0.7 秒
第10步：左 16°，慢
第11步：原地不动，慢，停 0.6 秒
【结束归位】已在正中间，无需动作
速度对照：很快=5ms/度　快=10ms/度　中速=15ms/度　慢=20ms/度　很慢=25ms/度　极慢=50ms/度","【初始姿势】正垂直（15°）
【起始】15 → 33，慢，前 18°
第1步：原地不动，慢，停 1.1 秒
第2步：后 18°，慢
第3步：原地不动，慢，停 1.1 秒
第4步：前 18°，慢
第5步：原地不动，慢，停 1.1 秒
第6步：后 18°，慢
第7步：原地不动，慢，停 1.1 秒
【结束归位】已在正垂直，无需动作","【初始姿势】正垂直（15°）
【起始】15 → 33，慢，前 18°
第1步：原地不动，慢，停 1.1 秒
第2步：后 18°，慢
第3步：原地不动，慢，停 1.1 秒
第4步：前 18°，慢
第5步：原地不动，慢，停 1.1 秒
第6步：后 18°，慢
第7步：原地不动，慢，停 1.1 秒
【结束归位】已在正垂直，无需动作"
13_1,生气1,"【初始姿势】正中间（90°）
【起始】90 → 114，中速，右 24°
第1步：原地不动，中速，停 2.4 秒
第2步：左 8°，中速，停 0.9 秒
第3步：右 8°，中速，停 0.9 秒
第4步：左 6°，中速，停 0.8 秒
【结束归位】从 108° 收回 18°，回到正中间
速度对照：很快=5ms/度　快=10ms/度　中速=15ms/度　慢=20ms/度　很慢=25ms/度　极慢=50ms/度","【初始姿势】正垂直（15°）
【起始】15 → 72，很快，前 57°
第1步：原地不动，很快，停 0.2 秒
第2步：后 24°，很快，停 0.2 秒
第3步：前 24°，很快，停 0.2 秒
第4步：后 24°，很快，停 0.2 秒
第5步：前 24°，很快，停 0.2 秒
第6步：后 24°，很快，停 0.2 秒
第7步：前 24°，很快，停 0.2 秒
第8步：后 24°，很快，停 0.2 秒
第9步：前 24°，很快，停 0.2 秒
第10步：后 24°，很快，停 0.2 秒
第11步：前 24°，很快，停 0.2 秒
第12步：后 24°，很快，停 0.2 秒
第13步：前 24°，很快，停 0.2 秒
第14步：后 24°，很快，停 0.2 秒
第15步：前 24°，很快，停 0.2 秒
第16步：后 24°，很快，停 0.2 秒
【结束归位】从 48° 收回 33°，回到正垂直","【初始姿势】正垂直（15°）
【起始】15 → 72，很快，前 57°
第1步：原地不动，很快，停 0.2 秒
第2步：后 24°，很快，停 0.2 秒
第3步：前 24°，很快，停 0.2 秒
第4步：后 24°，很快，停 0.2 秒
第5步：前 24°，很快，停 0.2 秒
第6步：后 24°，很快，停 0.2 秒
第7步：前 24°，很快，停 0.2 秒
第8步：后 24°，很快，停 0.2 秒
第9步：前 24°，很快，停 0.2 秒
第10步：后 24°，很快，停 0.2 秒
第11步：前 24°，很快，停 0.2 秒
第12步：后 24°，很快，停 0.2 秒
第13步：前 24°，很快，停 0.2 秒
第14步：后 24°，很快，停 0.2 秒
第15步：前 24°，很快，停 0.2 秒
第16步：后 24°，很快，停 0.2 秒
【结束归位】从 48° 收回 33°，回到正垂直"
13_2,生气2,"【初始姿势】正中间（90°）
【起始】90 → 60，中速，左 30°
第1步：原地不动，快，停 0.1 秒
第2步：右 16°，快，停 0.1 秒
第3步：左 16°，快，停 0.1 秒
第4步：右 16°，快，停 0.1 秒
第5步：左 16°，快，停 0.1 秒
第6步：右 16°，快，停 0.1 秒
第7步：左 16°，快，停 0.1 秒
第8步：右 16°，快，停 0.1 秒
第9步：左 16°，快，停 0.1 秒
第10步：右 16°，快，停 0.1 秒
第11步：左 16°，快，停 0.1 秒
第12步：右 16°，快，停 0.1 秒
第13步：左 16°，快，停 0.1 秒
第14步：右 16°，快，停 0.1 秒
第15步：左 16°，快，停 0.1 秒
第16步：右 16°，快，停 0.1 秒
【结束归位】从 76° 收回 14°，回到正中间
速度对照：很快=5ms/度　快=10ms/度　中速=15ms/度　慢=20ms/度　很慢=25ms/度　极慢=50ms/度","【初始姿势】正垂直（15°）
【起始】15 → 40，很快，前 25°
第1步：原地不动，很快，停 0.2 秒
第2步：后 25°，很快，停 0.2 秒
第3步：前 25°，很快，停 0.2 秒
第4步：后 25°，很快，停 0.2 秒
第5步：前 25°，很快，停 0.2 秒
第6步：后 25°，很快，停 0.2 秒
第7步：前 25°，很快，停 0.2 秒
第8步：后 25°，很快，停 0.2 秒
第9步：前 25°，很快，停 0.2 秒
第10步：后 25°，很快，停 0.2 秒
第11步：前 25°，很快，停 0.2 秒
第12步：后 25°，很快，停 0.2 秒
第13步：前 25°，很快，停 0.2 秒
第14步：后 25°，很快，停 0.2 秒
第15步：前 25°，很快，停 0.2 秒
第16步：后 25°，很快，停 0.2 秒
【结束归位】已在正垂直，无需动作","【初始姿势】正垂直（15°）
【起始】15 → 40，很快，前 25°
第1步：原地不动，很快，停 0.4 秒
第2步：后 25°，很快，停 0.2 秒
第3步：前 25°，很快，停 0.2 秒
第4步：后 25°，很快，停 0.2 秒
第5步：前 25°，很快，停 0.2 秒
第6步：后 25°，很快，停 0.2 秒
第7步：前 25°，很快，停 0.2 秒
第8步：后 25°，很快，停 0.2 秒
第9步：前 25°，很快，停 0.2 秒
第10步：后 25°，很快，停 0.2 秒
第11步：前 25°，很快，停 0.2 秒
第12步：后 25°，很快，停 0.2 秒
第13步：前 25°，很快，停 0.2 秒
第14步：后 25°，很快，停 0.2 秒
第15步：前 25°，很快，停 0.2 秒
第16步：后 25°，很快，停 0.2 秒
【结束归位】已在正垂直，无需动作"
14_1,舒服1,"【初始姿势】正中间（90°）
【起始】90 → 116，中速，右 26°
第1步：原地不动，中速，停 1.5 秒
第2步：右 14°，慢，停 1.5 秒
第3步：左 12°，慢，停 1.6 秒
【结束归位】从 118° 收回 28°，回到正中间
速度对照：很快=5ms/度　快=10ms/度　中速=15ms/度　慢=20ms/度　很慢=25ms/度　极慢=50ms/度","【初始姿势】正垂直（15°）
【起始】15 → 15，快，没有位移
第1步：前 30°，快，停 0.2 秒
第2步：后 30°，快，停 0.2 秒
第3步：前 30°，快，停 0.2 秒
第4步：后 30°，快，停 0.2 秒
第5步：前 30°，快，停 0.2 秒
第6步：后 30°，快，停 0.2 秒
第7步：前 30°，快，停 0.2 秒
第8步：后 30°，快，停 0.2 秒
第9步：前 30°，快，停 0.2 秒
第10步：后 30°，快，停 0.2 秒
第11步：前 30°，快，停 0.2 秒
第12步：后 30°，快，停 0.2 秒
【结束归位】已在正垂直，无需动作","【初始姿势】正垂直（15°）
【起始】15 → 15，快，没有位移
第1步：前 30°，快，停 0.2 秒
第2步：后 30°，快，停 0.2 秒
第3步：前 30°，快，停 0.2 秒
第4步：后 30°，快，停 0.2 秒
第5步：前 30°，快，停 0.2 秒
第6步：后 30°，快，停 0.2 秒
第7步：前 30°，快，停 0.2 秒
第8步：后 30°，快，停 0.2 秒
第9步：前 30°，快，停 0.2 秒
第10步：后 30°，快，停 0.2 秒
第11步：前 30°，快，停 0.2 秒
第12步：后 30°，快，停 0.2 秒
【结束归位】已在正垂直，无需动作"
14_2,舒服2,"【初始姿势】正中间（90°）
【起始】90 → 110，中速，右 20°
第1步：原地不动，中速，停 1.4 秒
第2步：右 14°，慢，停 1.4 秒
第3步：左 12°，慢，停 1.3 秒
【结束归位】从 112° 收回 22°，回到正中间
速度对照：很快=5ms/度　快=10ms/度　中速=15ms/度　慢=20ms/度　很慢=25ms/度　极慢=50ms/度","【初始姿势】正垂直（15°）
【起始】15 → 15，快，没有位移
第1步：前 40°，快，停 0.2 秒
第2步：后 40°，快，停 0.2 秒
第3步：前 40°，快，停 0.2 秒
第4步：后 40°，快，停 0.2 秒
第5步：前 40°，快，停 0.2 秒
第6步：后 40°，快，停 0.2 秒
第7步：前 40°，快，停 0.2 秒
第8步：后 40°，快，停 0.2 秒
【结束归位】已在正垂直，无需动作","【初始姿势】正垂直（15°）
【起始】15 → 15，快，没有位移
第1步：前 40°，快，停 0.2 秒
第2步：后 40°，快，停 0.2 秒
第3步：前 40°，快，停 0.2 秒
第4步：后 40°，快，停 0.2 秒
第5步：前 40°，快，停 0.2 秒
第6步：后 40°，快，停 0.2 秒
第7步：前 40°，快，停 0.2 秒
第8步：后 40°，快，停 0.2 秒
【结束归位】已在正垂直，无需动作"
14_3,舒服3,"【初始姿势】正中间（90°）
【起始】90 → 100，慢，右 10°
第1步：原地不动，中速，停 0.8 秒
第2步：右 22°，中速，停 0.8 秒
第3步：左 22°，中速，停 0.8 秒
第4步：右 22°，中速，停 0.8 秒
第5步：左 22°，中速，停 0.8 秒
【结束归位】从 100° 收回 10°，回到正中间
速度对照：很快=5ms/度　快=10ms/度　中速=15ms/度　慢=20ms/度　很慢=25ms/度　极慢=50ms/度","【初始姿势】正垂直（15°）
【起始】15 → 15，中速，没有位移
第1步：前 30°，中速，停 0.5 秒
第2步：后 30°，中速，停 0.5 秒
第3步：前 30°，中速，停 0.5 秒
第4步：后 30°，中速，停 0.5 秒
第5步：前 30°，中速，停 0.5 秒
第6步：后 30°，中速，停 0.5 秒
【结束归位】已在正垂直，无需动作","【初始姿势】正垂直（15°）
【起始】15 → 15，中速，没有位移
第1步：原地不动，中速，停 0.7 秒
第2步：前 30°，中速，停 0.5 秒
第3步：后 30°，中速，停 0.5 秒
第4步：前 30°，中速，停 0.5 秒
第5步：后 30°，中速，停 0.5 秒
第6步：前 30°，中速，停 0.5 秒
【结束归位】从 45° 收回 30°，回到正垂直"
