模块,子模块,任务名称,优先级,负责人,计划完成时间,状态,实际完成时间,备注
ESP32设备端,音频模块,自定义唤醒词,高,张明旭,2026/4/7,已完成,2026/3/31,原表已有
ESP32设备端,音频模块,音频驱动,高,张明旭,2026/4/7,已完成,2026/4/3,原表已有
ESP32设备端,音频模块,咪头AEC、VAD功能,高,张明旭,2026/4/13,已完成,2026/4/13,原表已有
ESP32设备端,音频模块,mqtt消费及推送,中,张明旭,2026/4/13,已完成,2026/4/13,原表已有
ESP32设备端,音频模块,调用云端语音对话WebSocket,高,张明旭,2026/4/13,已完成,2026/4/13,原表已有
ESP32设备端,音频模块,环形缓冲区播放opus音频流,高,张明旭,2026/4/13,已完成,2026/4/13,原表已有
ESP32设备端,音频模块,防止网络波动断音破片增加一个暂存缓冲,高,张明旭,2026/4/13,已完成,2026/4/13,原表已有
ESP32设备端,音频模块,OPUS编码参数定型（24kbps CBR、禁用VBR）,高,张明旭,,已完成,2026/5/20,补录·DEC-001
ESP32设备端,音频模块,音频处理器静音接口（防TTS打断重播）,中,张明旭,,已完成,2026/5/25,补录
ESP32设备端,音频模块,扬声器音量接口+NVS持久化+MQTT远程调音量,中,张明旭,,已完成,2026/6/1,补录
ESP32设备端,音频模块,长句TTS丢帧/溢出优化（解码输入缓冲扩到32KB+限频告警）,高,张明旭,,已完成,2026/7/2,补录
ESP32设备端,音频模块,TTS期唤醒打断阈值调优（0.18→0.3 降AEC残留误触）,中,张明旭,,已完成,2026/7/2,补录
ESP32设备端,音频模块,ES8311上电爆音—软件软启动方案,中,张明旭,,已完成,2026/6/15,补录·实测无效（VMID模拟瞬态）
ESP32设备端,音频模块,ES8311上电爆音—NMOS延时开关硬件方案,中,张明旭,,未开始,,需改板：2N7002压CTRL，C_g 10uF+R_g 470k≈3.4s
ESP32设备端,音频模块,离线音频播放（MP3 + P3/OPUS 双格式）,高,张明旭,,进行中,,代码已合入2026/7/16，出声/泄漏/仲裁待烧录验证
ESP32设备端,音频模块,多轮对话尾音误触EOS / 超时截断修复,高,张明旭,,已完成,2026/7/3,补录·BUG-007/013/014/021
ESP32设备端,初始化,蓝牙连接,高,张明旭,2026/3/16,已完成,2026/3/16,原表已有
ESP32设备端,初始化,接收wifi凭证,高,张明旭,2026/3/17,已完成,2026/3/17,原表已有
ESP32设备端,初始化,设备联网,高,张明旭,2026/3/17,已完成,2026/3/17,原表已有
ESP32设备端,初始化,获取token,高,张明旭,2026/4/10,已完成,2026/4/10,原表已有
ESP32设备端,初始化,Token双重刷新机制（2h过期，主动+被动）,高,张明旭,,已完成,2026/4/10,补录·DEC-003
ESP32设备端,初始化,配网协议迁移 Unified Provisioning → BluFi（NimBLE）,高,张明旭,,已完成,2026/6/22,补录
ESP32设备端,初始化,动态蓝牙设备名（MAC派生 EchoPals-XXXXXX）,中,张明旭,,已完成,2026/6/23,补录
ESP32设备端,初始化,裸板模式编译裁剪（CONFIG_BSP_HAS_DISPLAY）,低,张明旭,,已完成,2026/6/23,补录
ESP32设备端,初始化,BluFi CustomData下发token,高,张明旭,,进行中,,配网联网+下发已通，卡在deviceToken缺失待后端
ESP32设备端,初始化,配网二维码显示,中,张明旭,,进行中,,BUG-029双根因已修，待烧录验证
ESP32设备端,初始化,按键长按重置WiFi,高,张明旭,,进行中,,BUG-030 LVGL未init断言崩，已定位待改
ESP32设备端,初始化,BluFi分支BLE初始化崩溃排查,高,张明旭,,进行中,,BUG-026 已加esp_intr_dump诊断待烧录
ESP32设备端,初始化,前端配网对接说明文档,低,张明旭,,已完成,2026/7/2,补录
ESP32设备端,备份升级,OTA,高,张明旭,2026/6/,已完成,,原表已有
ESP32设备端,备份升级,OTA进度回调+SHA256校验+重启后补发,高,张明旭,,已完成,2026/6/17,补录
ESP32设备端,备份升级,OTA推送+云端连通性探测工具,中,张明旭,,已完成,2026/7/7,补录
ESP32设备端,备份升级,OTA前停唤醒词/触摸扫描（防并发崩）,高,张明旭,,已完成,2026/7/20,补录
ESP32设备端,备份升级,app分区容量告急（仅剩2%）,高,张明旭,,未开始,,需重划分区表或裁剪固件
ESP32设备端,屏幕模块,屏幕驱动,高,张明旭,2026/4/12,已完成,2026/4/12,原表已有
ESP32设备端,屏幕模块,显示天气,中,张明旭,2026/5/8,已完成,2026/5/6,原表已有
ESP32设备端,屏幕模块,显示日历,中,张明旭,2026/5/8,已完成,2026/5/7,原表已有
ESP32设备端,屏幕模块,显示时间,中,张明旭,2026/4/30,已完成,2026/5/2,原表已有
ESP32设备端,屏幕模块,闹钟提醒,中,张明旭,2026/4/30,已完成,2026/5/2,原表已有
ESP32设备端,屏幕模块,倒计时,中,张明旭,2026/5/8,已完成,2026/5/3,原表已有
ESP32设备端,屏幕模块,UI组件,低,张明旭,2026/5/15,未开始,,原表已有
ESP32设备端,屏幕模块,LCD背光GPIO开关升级为LEDC PWM调光,中,张明旭,,已完成,2026/6/2,补录
ESP32设备端,屏幕模块,状态栏（WiFi信号+电池电量）,中,张明旭,,已完成,2026/6/2,补录
ESP32设备端,屏幕模块,中文字体子集（font_cn_16 / font_cn_32）,中,张明旭,,已完成,2026/6/22,补录·含字符提取工具
ESP32设备端,屏幕模块,功能菜单/主页层级导航,中,张明旭,,已完成,2026/6/22,补录
ESP32设备端,屏幕模块,GIF情绪动画播放+跨线程切图接口,高,张明旭,,已完成,2026/7/2,补录·ui_request_emotion_gif
ESP32设备端,屏幕模块,二维码控件启用（LV_USE_QRCODE）,中,张明旭,,已完成,2026/6/24,补录
ESP32设备端,屏幕模块,天气页扩展（体感/风/湿度/降水+6-label新版式）,中,张明旭,,进行中,,未编译未烧录
ESP32设备端,屏幕模块,开机logo解码器重入卡死修复,高,张明旭,,进行中,,BUG-032 已改pending+timer，未提交未烧录
ESP32设备端,游戏模块,砸地鼠,中,张明旭,2026/5/22,进行中,,原表已有
ESP32设备端,游戏模块,跳一跳,中,张明旭,2026/5/22,进行中,,原表已有
ESP32设备端,游戏模块,赛车（跑酷）,中,张明旭,,进行中,,2026/6/15随游戏模块重构引入
ESP32设备端,游戏模块,游戏图片资源导出（c/jt/ds/p系列）,中,张明旭,,已完成,2026/7/2,补录
ESP32设备端,游戏模块,跳一跳蓄力/落台坐标统一,高,张明旭,,已完成,2026/6/17,补录·BUG-022
ESP32设备端,游戏模块,打地鼠命中判定修复（只允许HOLE_UP命中）,中,张明旭,,进行中,,game_whack.c:581 已改待烧录
ESP32设备端,游戏模块,跳一跳边缘检测（覆盖率<60%倒下）,中,张明旭,,未开始,,方案已设计，插入点game_jump.c:1070
ESP32设备端,游戏模块,跳一跳入场动画（台子下落+触底弹起）,低,张明旭,,未开始,,方案已设计，代码未改
ESP32设备端,游戏模块,赛车棋子缩放/车道位置调参,低,张明旭,,进行中,,未编译未烧录
ESP32设备端,交互模块,触摸驱动（TP223外置+内置电容双方案）,高,张明旭,,已完成,2026/5/25,补录
ESP32设备端,交互模块,舵机驱动（LEDC PWM）,高,张明旭,,已完成,2026/4/14,补录
ESP32设备端,交互模块,舵机管理器（队列+worker任务）,高,张明旭,,已完成,2026/4/15,补录
ESP32设备端,交互模块,舵机独立组件化（components/servo）,中,张明旭,,已完成,2026/7/15,补录
ESP32设备端,交互模块,PCA9536 IO扩展驱动,中,张明旭,,已完成,2026/5/14,补录
ESP32设备端,交互模块,GPIO14复用冲突修复（I2C NACK+舵机误抖）,高,张明旭,,已完成,2026/5/14,补录·BUG-015
ESP32设备端,交互模块,震动马达PWM驱动,中,张明旭,,已完成,2026/7/2,补录·BUG-020 低有效需duty=MAX停止
ESP32设备端,交互模块,情绪矩阵（6触摸位置×6情绪→GIF+舵机+震动+音频）,高,张明旭,,进行中,,10种震动序列已落地，待烧录验证
ESP32设备端,交互模块,舵机上电归中抖动,高,张明旭,,未开始,,单脉冲实验证明软件无解，需换总线舵机
ESP32设备端,电源与低功耗,电池电量采集+NVS持久化+防回弹,中,张明旭,,已完成,2026/6/2,补录
ESP32设备端,电源与低功耗,一级待机（息屏降频）,中,张明旭,,已完成,2026/7/9,补录
ESP32设备端,电源与低功耗,二级待机（关屏+停舵机）,中,张明旭,,已完成,2026/7/2,补录
ESP32设备端,电源与低功耗,三级关机（GPIO18/OPT下降沿断电）,中,张明旭,,已完成,2026/7/2,补录
ESP32设备端,电源与低功耗,待机期插拔USB检测唤醒,中,张明旭,,已完成,2026/7/9,补录
ESP32设备端,电源与低功耗,一级低功耗随机情绪头部动作+GIF轮播,低,张明旭,,未开始,,计划2026-07-03已设计未编码
ESP32设备端,存储与资源,外挂Flash驱动+零延迟启动,高,张明旭,,已完成,2026/6/2,补录
ESP32设备端,存储与资源,外部Flash烧录/镜像提取工具,高,张明旭,,已完成,2026/5/12,补录
ESP32设备端,存储与资源,图片转换→打包→烧录一键脚本（0~3.py）,高,张明旭,,已完成,2026/6/12,补录
ESP32设备端,存储与资源,已烧录板重烧强制窗口（BURN_FORCE_WINDOW_MS）,中,张明旭,,已完成,2026/6/25,补录·BUG-024
ESP32设备端,存储与资源,语音资源目录规划（/S/voice/）,中,张明旭,,已完成,2026/7/16,补录
ESP32设备端,存储与资源,外挂Flash容量自适应（读JEDEC ID）,中,张明旭,,未开始,,现写死32MB，16MB板须手工传参
ESP32设备端,稳定性与内存,内部SRAM峰值优化（22KB→170KB）,高,张明旭,,已完成,2026/5/12,补录·7任务栈+3静态buffer迁SPIRAM
ESP32设备端,稳定性与内存,LVGL 64KB静态池移除,高,张明旭,,已完成,2026/4/26,补录·BUG-009
ESP32设备端,稳定性与内存,音频任务SPIRAM栈泄漏防护,高,张明旭,,已完成,2026/5/6,补录·BUG-011
ESP32设备端,稳定性与内存,WebSocket重连内存泄漏修复,高,张明旭,,已完成,2026/5/12,补录
ESP32设备端,稳定性与内存,MQTT重连任务内存泄漏修复,高,张明旭,,已完成,2026/6/15,补录·BUG-023
ESP32设备端,稳定性与内存,云端解绑崩溃修复（栈3072→8192）,高,张明旭,,已完成,2026/7/21,补录·BUG-028
ESP32设备端,稳定性与内存,任务栈监控+内存跟踪宏,中,张明旭,,已完成,2026/7/10,补录
ESP32设备端,稳定性与内存,UDP日志通道（udp_logger）,低,张明旭,,已完成,2026/7/10,补录
ESP32设备端,稳定性与内存,CPU0优先级倒挂致WDT报警,高,张明旭,,进行中,,BUG-027 修改已写未提交未烧录
ESP32设备端,稳定性与内存,随机堆损坏排查（堆毒化检测）,中,张明旭,,进行中,,已排除与WDT关联，仍在观察
ESP32设备端,离线能力,断网离线模式（不重启+停重连+时间NVS兜底）,中,张明旭,,未开始,,计划2026-07-21已设计未编码
云端对接,协议,MQTT命令主题订阅（音量/解绑/OTA推送）,高,张明旭,,已完成,2026/5/18,补录
云端对接,协议,握手协议 Hello → start,高,张明旭,,已完成,2026/5/12,补录
云端对接,协议,和风天气now接口对接,中,张明旭,,已完成,2026/5/6,补录·12字段现用7个
云端对接,协议,云端过度切句致多轮LLM+RATE_LIMITED,高,,,未开始,,纯排查未改码，需后端配合
